account_id,write_off_status,changed_date
10766424,DETACHED,2021-05-25 07:33:14+00
3110404,DETACHED,2020-04-20 10:30:15+00
8620192,DETACHED,2021-01-18 07:08:10+00
7736588,WRITTEN_OFF,2022-12-05 14:33:39+00
6054212,DETACHED,2020-02-14 13:52:53+00
6875444,WRITTEN_OFF,2023-08-31 07:54:02+00
6319816,WRITTEN_OFF,2022-04-30 06:58:47+00
6987320,DETACHED,2021-01-26 05:48:09+00
3687644,DETACHED,2020-01-17 14:25:05+00
5926080,DETACHED,2023-08-09 05:31:25+00
15575288,WRITTEN_OFF,2023-10-31 14:55:59+00
5963060,DETACHED,2020-03-12 08:06:56+00
8312448,DETACHED,2020-06-08 06:06:28+00
8888844,DETACHED,2022-07-21 11:37:27+00
9565540,DETACHED,2021-10-21 07:43:11+00
14467396,DETACHED,2022-08-13 05:24:40+00
2862836,DETACHED,2021-11-09 12:13:27+00
8371576,DETACHED,2020-11-30 06:47:13+00
5564312,WRITTEN_OFF,2021-08-31 07:57:35+00
11850772,DETACHED,2022-09-21 08:30:43+00
8409488,WRITTEN_OFF,2022-09-30 07:21:21+00
4706712,DETACHED,2019-11-18 06:20:10+00
2988472,DETACHED,2019-12-31 09:08:15+00
11464676,WRITTEN_OFF,2022-12-31 04:58:43+00
5090008,DETACHED,2022-03-17 05:29:30+00
7862312,DETACHED,2021-01-28 11:02:35+00
7329640,WRITTEN_OFF,2022-12-05 14:33:39+00
8590936,DETACHED,2020-10-20 10:42:09+00
8591368,DETACHED,2020-08-17 07:06:22+00
11267896,WRITTEN_OFF,2024-07-31 15:28:38+00
3005184,DETACHED,2018-12-28 14:23:09+00
4163828,DETACHED,2019-06-11 06:32:24+00
4510492,DETACHED,2019-06-30 03:29:59+00
14058008,DETACHED,2021-11-22 07:26:25+00
3821100,DETACHED,2021-07-16 08:13:44+00
12279416,WRITTEN_OFF,2024-06-30 07:35:37+00
7584976,WRITTEN_OFF,2022-12-05 14:33:39+00
12757648,WRITTEN_OFF,2024-01-31 07:34:39+00
4595040,DETACHED,2019-09-30 14:15:07+00
12579144,WRITTEN_OFF,2023-08-31 07:54:02+00
2948980,DETACHED,2019-10-16 11:58:59+00
6926156,WRITTEN_OFF,2021-01-31 03:25:05+00
15445380,WRITTEN_OFF,2023-10-31 14:55:59+00
9488968,WRITTEN_OFF,2024-01-31 07:34:39+00
10001240,WRITTEN_OFF,2022-06-30 05:10:36+00
8122084,WRITTEN_OFF,2023-01-31 05:53:27+00
4967096,WRITTEN_OFF,2021-01-31 03:25:05+00
4967828,DETACHED,2021-08-31 06:50:30+00
4140324,DETACHED,2019-04-20 05:35:59+00
5017044,WRITTEN_OFF,2020-06-30 19:30:46+00
4397496,DETACHED,2019-08-25 02:05:30+00
5199320,WRITTEN_OFF,2023-05-31 06:01:31+00
12048240,WRITTEN_OFF,2023-01-31 05:53:27+00
3608516,DETACHED,2019-04-05 14:39:27+00
9227020,DETACHED,2021-07-19 11:48:19+00
4056656,WRITTEN_OFF,2021-11-30 05:58:22+00
7524896,DETACHED,2020-05-13 08:53:57+00
12454196,DETACHED,2024-07-19 09:25:29+00
7876120,DETACHED,2022-04-06 05:32:01+00
10520836,DETACHED,2021-05-18 08:14:58+00
5707580,DETACHED,2020-07-22 06:30:57+00
5473016,DETACHED,2019-12-09 13:52:53+00
6667388,DETACHED,2021-03-15 11:03:04+00
4469960,DETACHED,2019-06-19 14:16:31+00
4405732,DETACHED,2020-01-31 06:16:19+00
7613824,WRITTEN_OFF,2022-06-30 05:10:36+00
4478360,WRITTEN_OFF,2019-12-31 12:07:33+00
6085828,DETACHED,2020-04-30 06:41:08+00
9358664,DETACHED,2021-06-14 06:25:06+00
14442092,WRITTEN_OFF,2022-12-05 14:33:39+00
7492140,DETACHED,2020-03-05 07:01:06+00
12713848,DETACHED,2022-02-22 14:04:40+00
12952408,DETACHED,2022-08-11 08:22:22+00
8450512,DETACHED,2020-07-04 14:33:55+00
4819704,WRITTEN_OFF,2021-11-30 05:58:22+00
3706544,WRITTEN_OFF,2020-06-30 19:30:46+00
4934788,WRITTEN_OFF,2023-05-31 06:01:31+00
4015952,DETACHED,2020-04-15 14:22:37+00
5661300,DETACHED,2020-02-05 08:33:32+00
11423388,WRITTEN_OFF,2023-03-31 06:30:25+00
6473508,DETACHED,2020-04-03 10:36:20+00
7969988,WRITTEN_OFF,2022-04-30 06:58:47+00
9471860,DETACHED,2021-06-14 08:18:21+00
9472816,DETACHED,2021-03-19 12:54:46+00
5606456,DETACHED,2020-08-05 12:12:10+00
8584908,DETACHED,2021-10-12 06:25:14+00
7663964,WRITTEN_OFF,2023-07-31 14:19:57+00
9135476,WRITTEN_OFF,2022-12-05 14:33:39+00
5796212,DETACHED,2019-10-10 10:22:37+00
7761972,DETACHED,2021-01-14 12:21:40+00
5057320,WRITTEN_OFF,2022-03-31 04:50:09+00
13537712,WRITTEN_OFF,2022-10-31 02:45:25+00
11192516,DETACHED,2021-09-30 09:48:09+00
5006752,DETACHED,2019-07-19 10:55:15+00
4397968,WRITTEN_OFF,2022-07-31 04:40:59+00
7186028,DETACHED,2020-03-05 11:26:59+00
5983100,DETACHED,2021-05-25 07:35:24+00
11719648,WRITTEN_OFF,2022-10-31 02:45:25+00
5926724,DETACHED,2021-10-05 15:00:15+00
5072740,DETACHED,2020-01-30 06:10:46+00
6276336,WRITTEN_OFF,2022-09-30 07:21:21+00
8782988,DETACHED,2022-04-12 06:05:01+00
4527476,WRITTEN_OFF,2023-10-31 14:55:59+00
10366080,WRITTEN_OFF,2023-11-30 15:08:07+00
4068032,WRITTEN_OFF,2020-06-30 19:30:46+00
15500036,WRITTEN_OFF,2024-09-29 21:00:00+00
3172552,DETACHED,2022-08-24 13:04:47+00
10695516,DETACHED,2022-06-14 12:05:15+00
8522380,WRITTEN_OFF,2024-02-29 14:41:34+00
2881856,WRITTEN_OFF,2020-11-30 04:17:53+00
10975552,DETACHED,2021-01-21 06:04:49+00
14592692,WRITTEN_OFF,2022-06-30 05:10:36+00
13014544,DETACHED,2021-11-02 15:20:45+00
7011212,DETACHED,2020-04-02 07:12:19+00
11467908,WRITTEN_OFF,2024-04-30 15:29:02+00
4101652,WRITTEN_OFF,2020-06-30 19:30:46+00
3512176,DETACHED,2019-05-03 11:34:22+00
5841792,DETACHED,2020-04-22 06:27:06+00
5841952,DETACHED,2019-11-11 13:38:09+00
8347036,DETACHED,2021-03-11 02:54:52+00
3731988,WRITTEN_OFF,2020-06-30 19:30:46+00
4520200,DETACHED,2019-07-07 13:42:12+00
4510020,DETACHED,2020-05-14 06:35:19+00
9827816,DETACHED,2020-11-09 07:23:33+00
3017180,DETACHED,2018-11-14 08:24:28+00
13891216,DETACHED,2022-05-25 06:44:12+00
13389188,WRITTEN_OFF,2022-06-30 05:10:36+00
3560004,DETACHED,2020-10-30 12:48:48+00
4253692,DETACHED,2020-01-14 08:17:29+00
11990020,DETACHED,2021-05-25 11:11:26+00
3940644,WRITTEN_OFF,2019-12-31 12:07:33+00
4606500,WRITTEN_OFF,2021-11-30 05:58:22+00
4606544,WRITTEN_OFF,2020-06-30 19:30:46+00
5745548,DETACHED,2021-03-09 08:02:42+00
6968640,WRITTEN_OFF,2022-12-31 04:58:43+00
3429140,DETACHED,2022-03-14 07:13:29+00
3443980,WRITTEN_OFF,2021-08-31 07:57:35+00
10000936,WRITTEN_OFF,2022-12-31 04:58:43+00
8120896,WRITTEN_OFF,2022-07-31 04:40:59+00
9665656,DETACHED,2021-05-03 10:46:53+00
12642172,WRITTEN_OFF,2023-06-30 10:54:02+00
3399988,DETACHED,2019-08-28 11:13:53+00
4664160,DETACHED,2021-11-19 14:29:19+00
12264580,DETACHED,2022-12-26 14:01:07+00
4635536,DETACHED,2020-11-27 05:53:49+00
4119456,WRITTEN_OFF,2019-12-31 12:07:33+00
6001216,DETACHED,2022-09-21 12:47:50+00
11881984,WRITTEN_OFF,2022-04-30 06:58:47+00
5368424,DETACHED,2019-09-11 13:34:01+00
13102196,WRITTEN_OFF,2023-03-31 06:30:25+00
4220836,DETACHED,2019-04-15 08:44:09+00
3969332,DETACHED,2019-05-06 08:53:52+00
4655960,WRITTEN_OFF,2020-06-30 19:30:46+00
8352672,WRITTEN_OFF,2024-06-30 07:35:37+00
3929712,DETACHED,2019-05-31 06:04:10+00
11480016,DETACHED,2022-05-10 13:30:37+00
11565184,DETACHED,2021-07-28 13:07:06+00
6754596,DETACHED,2020-08-25 06:20:48+00
13203976,WRITTEN_OFF,2022-04-30 06:58:47+00
3768428,DETACHED,2019-08-01 14:57:08+00
12000888,WRITTEN_OFF,2024-03-31 09:43:02+00
12234980,DETACHED,2022-10-28 13:13:45+00
7215456,WRITTEN_OFF,2024-04-30 15:29:02+00
3041876,DETACHED,2020-06-18 13:36:57+00
3042384,DETACHED,2019-10-25 13:46:35+00
3606512,WRITTEN_OFF,2022-01-31 13:52:21+00
7991484,WRITTEN_OFF,2021-08-31 07:57:35+00
5422580,DETACHED,2019-11-11 11:22:29+00
6722828,DETACHED,2020-05-25 06:12:42+00
4004116,DETACHED,2022-07-30 08:23:15+00
13356500,WRITTEN_OFF,2022-06-30 05:10:36+00
7934732,WRITTEN_OFF,2023-05-31 06:01:31+00
3558496,DETACHED,2020-05-14 06:34:32+00
3940620,DETACHED,2021-06-24 10:51:32+00
3097884,DETACHED,2019-04-01 12:32:11+00
11114796,DETACHED,2021-07-12 06:39:21+00
5056532,WRITTEN_OFF,2022-10-31 02:45:25+00
13314244,DETACHED,2021-08-09 05:38:03+00
4264204,WRITTEN_OFF,2019-12-31 12:07:33+00
4178768,WRITTEN_OFF,2019-12-31 12:07:33+00
5017044,DETACHED,2020-07-14 06:25:43+00
12066716,DETACHED,2022-07-13 08:58:05+00
7182544,DETACHED,2021-03-25 10:58:45+00
14707772,WRITTEN_OFF,2023-11-30 15:08:07+00
3184192,DETACHED,2019-04-30 15:22:20+00
3299608,WRITTEN_OFF,2022-07-31 04:40:59+00
5917372,WRITTEN_OFF,2024-03-31 09:43:02+00
3028664,DETACHED,2019-08-22 05:58:20+00
4080116,DETACHED,2019-05-08 11:16:15+00
4445472,DETACHED,2019-08-31 12:35:40+00
5259036,WRITTEN_OFF,2023-11-30 15:08:07+00
6999000,DETACHED,2021-02-26 13:34:59+00
5209260,DETACHED,2021-04-01 07:31:19+00
4954716,DETACHED,2019-08-28 11:08:28+00
4068068,DETACHED,2019-04-08 06:31:29+00
7572672,DETACHED,2021-12-17 14:22:41+00
5042624,WRITTEN_OFF,2021-06-30 18:01:59+00
15484656,DETACHED,2022-10-20 05:04:38+00
13611296,WRITTEN_OFF,2022-12-31 04:58:43+00
11833608,WRITTEN_OFF,2022-12-05 14:33:39+00
6217504,DETACHED,2020-02-18 08:21:09+00
6736960,WRITTEN_OFF,2022-10-31 02:45:25+00
7407852,WRITTEN_OFF,2022-07-31 04:40:59+00
11061572,DETACHED,2021-03-09 08:06:40+00
12232352,DETACHED,2021-09-29 08:08:26+00
11176576,DETACHED,2021-11-08 07:56:12+00
11464140,DETACHED,2023-06-22 12:31:35+00
15276400,WRITTEN_OFF,2024-09-29 21:00:00+00
9214488,WRITTEN_OFF,2022-12-05 14:33:39+00
3003496,WRITTEN_OFF,2022-04-30 06:58:47+00
3360240,DETACHED,2019-01-22 12:49:09+00
5616692,DETACHED,2020-09-23 06:47:41+00
4586480,DETACHED,2020-09-09 05:49:22+00
8545264,DETACHED,2020-07-07 13:23:59+00
13355296,WRITTEN_OFF,2024-03-31 09:43:02+00
3522256,DETACHED,2019-07-27 12:27:25+00
2976032,WRITTEN_OFF,2020-06-30 19:30:46+00
3097656,DETACHED,2020-02-24 06:55:50+00
6349404,DETACHED,2020-09-16 11:00:59+00
3885568,DETACHED,2019-08-12 11:50:14+00
12318768,DETACHED,2022-05-07 12:47:38+00
5889820,DETACHED,2020-01-22 06:02:31+00
6918860,DETACHED,2020-02-21 07:45:46+00
9247532,WRITTEN_OFF,2024-02-29 14:41:34+00
10114252,WRITTEN_OFF,2023-05-31 06:01:31+00
14777244,WRITTEN_OFF,2023-11-30 15:08:07+00
15000276,WRITTEN_OFF,2023-07-31 14:19:57+00
9752268,WRITTEN_OFF,2023-12-31 02:52:57+00
5505468,DETACHED,2021-09-09 06:19:56+00
5176856,DETACHED,2019-10-24 06:10:39+00
3299724,WRITTEN_OFF,2020-06-30 19:30:46+00
14331652,DETACHED,2022-10-27 05:34:46+00
4244424,WRITTEN_OFF,2021-08-31 07:57:35+00
6233844,WRITTEN_OFF,2021-07-31 05:16:22+00
7776976,WRITTEN_OFF,2024-09-29 21:00:00+00
3896036,DETACHED,2019-11-22 08:48:22+00
5208020,WRITTEN_OFF,2022-12-05 14:33:39+00
4067996,WRITTEN_OFF,2021-08-31 07:57:35+00
6421672,DETACHED,2019-12-31 07:20:05+00
3048344,DETACHED,2019-07-10 05:54:32+00
3812236,DETACHED,2019-09-13 05:15:05+00
2955228,WRITTEN_OFF,2019-06-28 13:35:28+00
10854236,DETACHED,2022-08-22 12:55:34+00
11238836,WRITTEN_OFF,2022-10-31 02:45:25+00
8801732,DETACHED,2022-10-28 12:25:38+00
5301776,DETACHED,2020-09-16 11:00:14+00
12968984,DETACHED,2024-02-16 05:37:38+00
7101636,WRITTEN_OFF,2022-08-31 05:27:51+00
2889632,DETACHED,2019-01-16 12:16:12+00
12330976,DETACHED,2022-02-10 07:07:45+00
10872068,DETACHED,2022-08-27 10:25:13+00
5453164,DETACHED,2020-02-29 06:20:27+00
5782404,DETACHED,2020-08-20 09:05:53+00
8472748,DETACHED,2020-11-03 14:53:15+00
8818936,WRITTEN_OFF,2023-04-30 12:39:59+00
3076432,DETACHED,2019-11-06 13:23:38+00
4900128,DETACHED,2021-03-05 10:22:07+00
4594652,DETACHED,2020-02-26 11:19:34+00
11078040,DETACHED,2021-05-03 10:49:36+00
3979668,DETACHED,2019-08-26 10:50:19+00
9929496,DETACHED,2022-10-24 12:20:10+00
7651336,WRITTEN_OFF,2024-07-31 15:28:38+00
6363656,DETACHED,2020-03-25 07:12:47+00
9944344,WRITTEN_OFF,2023-08-31 07:54:02+00
11112968,WRITTEN_OFF,2022-03-31 04:50:09+00
8378984,WRITTEN_OFF,2023-03-31 06:30:25+00
14626808,WRITTEN_OFF,2024-02-29 14:41:34+00
3715548,DETACHED,2020-01-20 07:56:17+00
5017500,DETACHED,2020-04-28 06:03:11+00
7920396,DETACHED,2021-07-13 12:24:02+00
8218724,DETACHED,2020-07-20 06:30:53+00
12386312,WRITTEN_OFF,2023-10-31 14:55:59+00
3253124,DETACHED,2020-01-31 14:21:15+00
8276604,WRITTEN_OFF,2022-01-31 13:52:21+00
9753468,WRITTEN_OFF,2024-07-30 21:00:00+00
13924336,WRITTEN_OFF,2024-04-30 15:29:02+00
4683860,WRITTEN_OFF,2020-06-30 19:30:46+00
11605996,WRITTEN_OFF,2023-01-31 05:53:27+00
2915696,WRITTEN_OFF,2019-06-28 13:36:02+00
14789444,WRITTEN_OFF,2022-09-30 07:21:21+00
13429616,DETACHED,2021-07-19 13:41:04+00
7523868,WRITTEN_OFF,2024-02-29 14:41:34+00
3028140,DETACHED,2019-07-28 17:16:11+00
3028460,WRITTEN_OFF,2020-06-30 19:30:46+00
8536948,WRITTEN_OFF,2024-07-31 15:28:38+00
10394232,WRITTEN_OFF,2022-07-31 04:40:59+00
8830556,DETACHED,2020-08-17 07:03:00+00
5123244,DETACHED,2020-05-14 06:32:51+00
10595352,WRITTEN_OFF,2022-09-30 07:21:21+00
11578024,WRITTEN_OFF,2023-04-30 12:39:59+00
6252396,DETACHED,2020-07-30 07:01:49+00
15062768,WRITTEN_OFF,2024-01-31 07:34:39+00
6193048,DETACHED,2020-05-22 06:21:18+00
3103540,DETACHED,2020-03-30 07:34:21+00
6035504,DETACHED,2020-06-15 11:56:24+00
4873208,WRITTEN_OFF,2022-08-31 05:27:51+00
6094484,DETACHED,2021-06-16 05:55:15+00
12247156,WRITTEN_OFF,2021-12-31 04:44:49+00
12436428,DETACHED,2021-07-15 08:23:54+00
3847964,DETACHED,2019-07-20 15:51:44+00
4032320,WRITTEN_OFF,2021-07-31 05:16:22+00
13034688,DETACHED,2023-09-18 07:17:51+00
7680204,WRITTEN_OFF,2022-08-31 05:27:51+00
3067952,WRITTEN_OFF,2022-04-30 06:58:47+00
4162532,DETACHED,2020-08-13 06:31:51+00
7555116,WRITTEN_OFF,2022-05-31 13:18:16+00
13090208,DETACHED,2023-10-26 14:49:14+00
4831784,DETACHED,2019-06-18 14:38:40+00
15734944,WRITTEN_OFF,2022-09-30 07:21:21+00
3152960,DETACHED,2019-08-22 05:59:13+00
15662160,WRITTEN_OFF,2024-07-30 21:00:00+00
5105424,WRITTEN_OFF,2020-06-30 19:30:46+00
14018524,WRITTEN_OFF,2023-05-31 06:01:31+00
11016136,DETACHED,2021-11-04 15:31:46+00
4493952,DETACHED,2019-06-06 08:29:05+00
13263920,WRITTEN_OFF,2023-10-31 14:55:59+00
3867276,DETACHED,2019-03-04 15:11:45+00
6842692,WRITTEN_OFF,2022-07-31 04:40:59+00
11592280,DETACHED,2022-03-02 04:35:09+00
8063568,WRITTEN_OFF,2023-08-31 07:54:02+00
3215168,DETACHED,2019-08-30 05:46:09+00
3888692,DETACHED,2020-01-14 12:32:16+00
8445328,WRITTEN_OFF,2023-03-31 06:30:25+00
13463816,WRITTEN_OFF,2023-09-29 15:55:14+00
10443664,WRITTEN_OFF,2022-01-31 13:52:21+00
4209736,WRITTEN_OFF,2023-12-31 02:52:57+00
4354040,WRITTEN_OFF,2019-12-31 12:07:33+00
3009908,WRITTEN_OFF,2019-12-31 12:07:33+00
8735488,DETACHED,2023-03-15 12:44:19+00
3486708,DETACHED,2022-05-23 05:15:25+00
8987840,DETACHED,2021-05-31 12:45:42+00
10282624,WRITTEN_OFF,2023-11-30 15:08:07+00
5095828,WRITTEN_OFF,2020-06-30 19:30:46+00
5072284,DETACHED,2019-12-07 12:01:03+00
3538916,DETACHED,2019-03-04 15:17:12+00
5123820,WRITTEN_OFF,2021-12-31 04:44:49+00
14674676,WRITTEN_OFF,2022-08-31 05:27:51+00
7613824,DETACHED,2022-11-17 05:39:38+00
4539108,WRITTEN_OFF,2020-06-30 19:30:46+00
5461988,WRITTEN_OFF,2021-01-31 03:25:05+00
4778620,WRITTEN_OFF,2020-06-30 19:30:46+00
3598600,WRITTEN_OFF,2021-05-31 11:22:12+00
10460984,DETACHED,2022-08-19 13:01:43+00
10507228,DETACHED,2022-07-25 12:55:37+00
10509488,WRITTEN_OFF,2023-05-31 06:01:31+00
4558344,WRITTEN_OFF,2022-01-31 13:52:21+00
14394616,WRITTEN_OFF,2022-12-31 04:58:43+00
5062520,DETACHED,2019-08-12 11:10:17+00
2920740,DETACHED,2020-02-14 07:54:45+00
5660352,DETACHED,2019-11-22 08:43:06+00
13872992,DETACHED,2022-11-14 07:41:58+00
2887372,WRITTEN_OFF,2020-06-30 19:30:46+00
8956400,DETACHED,2021-05-03 10:50:39+00
15333572,DETACHED,2024-10-04 13:17:50+00
4003528,WRITTEN_OFF,2020-06-30 19:30:46+00
9895084,WRITTEN_OFF,2024-01-31 07:34:39+00
3075436,WRITTEN_OFF,2023-12-31 02:52:57+00
13052984,WRITTEN_OFF,2022-12-05 14:33:39+00
2938640,DETACHED,2019-07-30 13:01:56+00
14552380,DETACHED,2022-06-11 06:05:12+00
5760544,DETACHED,2020-02-07 05:32:55+00
2946140,WRITTEN_OFF,2020-06-30 19:30:46+00
2875812,WRITTEN_OFF,2019-12-31 12:07:33+00
13980064,WRITTEN_OFF,2023-08-31 07:54:02+00
11594104,DETACHED,2022-11-21 06:32:45+00
14089312,DETACHED,2022-05-30 13:22:41+00
3174436,DETACHED,2019-01-23 09:09:10+00
3886832,WRITTEN_OFF,2019-12-31 12:07:33+00
3550260,WRITTEN_OFF,2020-06-30 19:30:46+00
4303532,WRITTEN_OFF,2020-06-30 19:30:46+00
7344152,DETACHED,2020-06-17 06:53:18+00
7347628,WRITTEN_OFF,2022-12-05 14:33:39+00
4683932,DETACHED,2020-08-25 06:17:51+00
3375040,WRITTEN_OFF,2019-12-31 12:07:33+00
4108884,WRITTEN_OFF,2023-03-31 06:30:25+00
4653596,DETACHED,2020-01-03 15:40:08+00
11137768,DETACHED,2021-07-12 06:38:31+00
6157440,WRITTEN_OFF,2021-11-30 05:58:22+00
13773928,DETACHED,2022-05-05 12:00:43+00
6626932,DETACHED,2021-01-11 12:55:55+00
4405828,DETACHED,2019-07-20 16:01:35+00
5165200,DETACHED,2019-08-20 14:30:10+00
5190624,DETACHED,2020-11-18 12:16:00+00
6902964,DETACHED,2020-02-05 14:04:48+00
3929948,DETACHED,2019-04-05 14:33:17+00
11052836,WRITTEN_OFF,2024-04-30 15:29:02+00
13228872,WRITTEN_OFF,2024-01-31 07:34:39+00
7755140,DETACHED,2020-07-03 14:14:22+00
10554184,DETACHED,2021-09-20 08:17:01+00
12789732,DETACHED,2022-02-26 07:02:17+00
15259748,WRITTEN_OFF,2024-02-29 14:41:34+00
4362288,WRITTEN_OFF,2020-06-30 19:30:46+00
11833392,WRITTEN_OFF,2024-07-31 15:28:38+00
12031496,DETACHED,2021-04-29 05:40:18+00
2882888,DETACHED,2019-08-02 06:10:26+00
10975408,WRITTEN_OFF,2021-09-30 14:34:09+00
2901592,DETACHED,2018-10-25 14:15:42+00
5574360,DETACHED,2020-08-04 07:12:09+00
5586024,DETACHED,2020-02-15 17:11:59+00
11229848,DETACHED,2022-01-25 15:25:11+00
10377796,DETACHED,2021-07-14 06:10:10+00
2955028,DETACHED,2018-12-03 13:27:51+00
7378100,WRITTEN_OFF,2023-05-31 06:01:31+00
10956900,WRITTEN_OFF,2023-12-31 02:52:57+00
4421156,DETACHED,2019-09-04 13:59:54+00
9713308,DETACHED,2020-10-30 12:55:56+00
5332852,DETACHED,2020-06-15 10:55:36+00
3319820,WRITTEN_OFF,2019-12-31 12:07:33+00
11077764,WRITTEN_OFF,2022-02-28 06:00:06+00
13281864,WRITTEN_OFF,2023-03-31 06:30:25+00
3940648,DETACHED,2019-07-03 11:39:15+00
8228312,DETACHED,2020-07-20 06:30:19+00
8404588,WRITTEN_OFF,2022-01-31 13:52:21+00
7053408,WRITTEN_OFF,2023-01-31 05:53:27+00
3086952,DETACHED,2018-11-30 09:02:40+00
3194656,DETACHED,2019-01-30 13:15:54+00
4303656,DETACHED,2019-12-28 11:52:24+00
12616732,DETACHED,2023-03-27 08:27:43+00
4380304,DETACHED,2019-06-04 14:47:00+00
11883240,DETACHED,2022-05-13 05:44:52+00
10427116,DETACHED,2024-06-12 10:09:09+00
5094924,DETACHED,2022-07-18 07:34:49+00
14558984,DETACHED,2021-09-22 12:33:56+00
4080264,DETACHED,2019-04-04 15:45:24+00
6798140,WRITTEN_OFF,2024-01-31 07:34:39+00
5124424,WRITTEN_OFF,2020-06-30 19:30:46+00
4930332,DETACHED,2019-08-10 14:24:50+00
11903144,DETACHED,2021-06-29 13:21:28+00
13245588,DETACHED,2021-07-31 17:09:12+00
13670740,WRITTEN_OFF,2024-07-30 21:00:00+00
4798280,DETACHED,2021-01-15 12:02:03+00
3111944,WRITTEN_OFF,2020-06-30 19:30:46+00
8326136,DETACHED,2020-07-24 08:41:58+00
8100960,WRITTEN_OFF,2023-03-31 06:30:25+00
11916780,DETACHED,2021-11-16 07:34:26+00
3597536,DETACHED,2020-01-16 11:21:21+00
3598440,DETACHED,2019-04-18 14:01:42+00
12898560,WRITTEN_OFF,2024-02-29 14:41:34+00
6435184,WRITTEN_OFF,2022-08-31 05:27:51+00
3024160,DETACHED,2019-01-31 15:03:27+00
4567324,DETACHED,2020-04-06 06:52:42+00
3236212,WRITTEN_OFF,2020-11-30 04:27:16+00
5551060,DETACHED,2019-09-30 08:38:31+00
11522916,WRITTEN_OFF,2024-04-30 15:29:02+00
14254404,WRITTEN_OFF,2024-09-29 21:00:00+00
14968132,WRITTEN_OFF,2024-03-31 09:43:02+00
9214172,WRITTEN_OFF,2023-10-31 14:55:59+00
9445192,DETACHED,2021-03-30 05:38:30+00
9810660,WRITTEN_OFF,2022-12-05 14:33:39+00
8318904,DETACHED,2021-01-11 08:14:12+00
9403328,DETACHED,2022-02-26 06:32:00+00
12175764,DETACHED,2022-03-08 10:33:08+00
3152948,WRITTEN_OFF,2019-06-28 13:34:27+00
12658620,DETACHED,2022-01-22 07:05:34+00
3940348,DETACHED,2019-03-27 17:17:41+00
4092076,WRITTEN_OFF,2019-12-31 12:07:33+00
3061344,WRITTEN_OFF,2021-12-31 04:44:49+00
7828884,DETACHED,2020-09-17 13:26:15+00
8378532,DETACHED,2020-06-15 10:52:50+00
6711244,DETACHED,2022-03-09 05:21:16+00
8119792,WRITTEN_OFF,2024-02-29 14:41:34+00
3398412,WRITTEN_OFF,2021-04-30 03:28:03+00
3175276,WRITTEN_OFF,2022-02-28 06:00:06+00
4534192,DETACHED,2020-09-26 16:01:34+00
3552020,WRITTEN_OFF,2022-02-28 06:00:06+00
3163488,DETACHED,2019-07-05 11:39:50+00
3254140,DETACHED,2019-07-16 03:11:53+00
3502764,DETACHED,2019-04-26 12:55:30+00
3194688,DETACHED,2019-10-19 09:09:41+00
14901268,DETACHED,2021-10-05 07:24:48+00
4300376,WRITTEN_OFF,2019-12-31 12:07:33+00
4711804,WRITTEN_OFF,2020-06-30 19:30:46+00
5866772,DETACHED,2022-08-18 09:32:45+00
10157400,WRITTEN_OFF,2022-09-30 07:21:21+00
5142696,DETACHED,2019-08-21 14:39:55+00
8246088,WRITTEN_OFF,2022-01-31 13:52:21+00
4188968,DETACHED,2019-08-22 07:25:44+00
14499204,DETACHED,2021-11-29 07:38:22+00
6760544,DETACHED,2020-04-21 06:23:18+00
6276776,DETACHED,2020-07-15 14:53:20+00
4080240,DETACHED,2019-08-27 11:49:16+00
3957284,DETACHED,2019-07-24 11:34:24+00
4414452,DETACHED,2019-09-09 06:30:03+00
6797724,DETACHED,2020-02-26 12:09:41+00
5651140,DETACHED,2019-10-31 13:45:35+00
10595296,WRITTEN_OFF,2023-03-31 06:30:25+00
14467728,DETACHED,2022-01-24 09:55:53+00
5207816,WRITTEN_OFF,2020-11-30 04:19:49+00
8371444,DETACHED,2021-12-30 15:34:53+00
4068032,DETACHED,2020-10-30 12:34:32+00
5026480,WRITTEN_OFF,2023-05-31 06:01:31+00
3111648,DETACHED,2019-02-13 08:33:27+00
6757964,DETACHED,2022-07-14 07:54:14+00
3598724,DETACHED,2019-10-05 15:47:30+00
4755880,DETACHED,2019-12-11 12:53:04+00
11335900,WRITTEN_OFF,2023-04-30 12:39:59+00
10506024,WRITTEN_OFF,2023-04-30 12:39:59+00
10507228,WRITTEN_OFF,2021-12-31 04:44:49+00
6434248,WRITTEN_OFF,2021-11-30 05:58:22+00
3224592,WRITTEN_OFF,2022-12-05 14:33:39+00
6228464,WRITTEN_OFF,2022-12-05 14:33:39+00
2866548,WRITTEN_OFF,2020-06-30 19:30:46+00
13716844,DETACHED,2022-01-26 15:02:16+00
6654368,DETACHED,2020-10-19 07:42:18+00
5250324,WRITTEN_OFF,2021-12-31 04:44:49+00
6046780,WRITTEN_OFF,2022-01-31 13:52:21+00
3205228,WRITTEN_OFF,2021-08-31 07:57:35+00
4643584,DETACHED,2019-06-07 05:53:06+00
5455164,WRITTEN_OFF,2022-06-30 05:10:36+00
5405228,WRITTEN_OFF,2023-05-31 06:01:31+00
13053228,WRITTEN_OFF,2024-09-29 21:00:00+00
8514108,WRITTEN_OFF,2021-09-30 14:34:09+00
9698968,WRITTEN_OFF,2023-07-31 14:19:57+00
6546464,DETACHED,2021-11-05 12:38:19+00
7053244,WRITTEN_OFF,2022-01-31 13:52:21+00
5052092,WRITTEN_OFF,2020-06-30 19:30:46+00
4967828,WRITTEN_OFF,2020-06-30 19:30:46+00
11818280,WRITTEN_OFF,2024-02-29 14:41:34+00
5118140,WRITTEN_OFF,2022-04-30 06:58:47+00
7888704,WRITTEN_OFF,2021-11-30 05:58:22+00
4303532,DETACHED,2020-09-28 06:55:55+00
7912192,WRITTEN_OFF,2024-09-29 21:00:00+00
14725744,DETACHED,2022-05-27 06:07:19+00
11750484,DETACHED,2021-06-11 06:45:20+00
10311724,DETACHED,2020-12-30 10:15:06+00
12880084,WRITTEN_OFF,2022-08-31 05:27:51+00
4766456,DETACHED,2019-11-01 14:06:30+00
5071748,WRITTEN_OFF,2022-01-31 13:52:21+00
5671296,DETACHED,2019-09-27 13:59:34+00
6235128,DETACHED,2020-07-10 05:29:14+00
10391208,DETACHED,2021-08-19 12:26:19+00
6864868,DETACHED,2021-01-26 05:49:25+00
8430968,DETACHED,2020-08-24 11:24:19+00
4405640,DETACHED,2019-06-13 11:43:14+00
8371948,WRITTEN_OFF,2022-12-05 14:33:39+00
3929984,DETACHED,2020-05-14 06:38:41+00
3311780,DETACHED,2020-12-24 08:37:04+00
4425596,WRITTEN_OFF,2022-04-30 06:58:47+00
3830232,DETACHED,2020-08-19 10:44:48+00
4905180,WRITTEN_OFF,2020-06-30 19:30:46+00
10408560,WRITTEN_OFF,2024-02-29 14:41:34+00
8605644,DETACHED,2020-07-21 08:46:54+00
4673872,WRITTEN_OFF,2020-06-30 19:30:46+00
10974184,DETACHED,2021-10-30 10:45:11+00
3407512,DETACHED,2019-01-09 15:12:42+00
3663440,DETACHED,2021-03-15 10:55:54+00
3235976,WRITTEN_OFF,2021-11-30 05:58:22+00
3514344,DETACHED,2019-07-31 10:37:40+00
6227916,DETACHED,2020-08-27 11:20:37+00
8084656,WRITTEN_OFF,2022-01-31 13:52:21+00
8655200,WRITTEN_OFF,2022-07-31 04:40:59+00
5736272,WRITTEN_OFF,2022-04-30 06:58:47+00
4808780,DETACHED,2020-06-25 06:43:26+00
15147840,WRITTEN_OFF,2024-09-29 21:00:00+00
4521908,DETACHED,2021-01-21 13:09:45+00
3004208,WRITTEN_OFF,2022-06-30 05:10:36+00
5661356,DETACHED,2020-05-04 06:47:13+00
3359488,DETACHED,2020-04-07 11:51:08+00
9593924,WRITTEN_OFF,2022-06-30 05:10:36+00
3821108,DETACHED,2021-12-17 14:37:49+00
5376804,DETACHED,2021-04-15 06:10:20+00
7068300,DETACHED,2022-05-13 14:58:52+00
6407304,DETACHED,2020-05-13 08:54:48+00
10180076,DETACHED,2021-07-05 08:20:48+00
3682180,WRITTEN_OFF,2021-08-31 07:57:35+00
3280332,WRITTEN_OFF,2023-08-31 07:54:02+00
2975656,WRITTEN_OFF,2023-05-31 06:01:31+00
15168372,DETACHED,2022-12-08 05:50:03+00
12339308,WRITTEN_OFF,2022-12-05 14:33:39+00
12807336,DETACHED,2022-06-18 09:07:30+00
3163772,WRITTEN_OFF,2020-06-30 19:30:46+00
3501504,DETACHED,2019-04-30 05:38:50+00
11514584,DETACHED,2021-08-03 06:22:44+00
12048284,WRITTEN_OFF,2024-07-31 15:28:38+00
3131572,DETACHED,2019-08-21 11:47:45+00
3301228,DETACHED,2020-03-09 13:59:52+00
6585668,WRITTEN_OFF,2022-12-05 14:33:39+00
14762008,DETACHED,2021-12-27 09:05:37+00
5142728,DETACHED,2019-07-31 17:07:37+00
7480432,WRITTEN_OFF,2021-01-31 03:25:05+00
11492444,WRITTEN_OFF,2022-10-31 02:45:25+00
4766496,DETACHED,2019-10-14 13:31:24+00
3968360,DETACHED,2019-04-09 14:10:37+00
6234984,WRITTEN_OFF,2024-03-31 09:43:02+00
8781088,DETACHED,2020-08-17 08:28:59+00
9579316,DETACHED,2021-04-12 08:17:52+00
4405964,WRITTEN_OFF,2022-12-05 14:33:39+00
5463472,DETACHED,2020-07-09 05:03:33+00
10572564,DETACHED,2022-04-01 06:18:58+00
5081572,WRITTEN_OFF,2021-07-31 05:16:22+00
15485220,WRITTEN_OFF,2024-09-29 21:00:00+00
3992256,DETACHED,2020-07-15 07:49:20+00
7705948,WRITTEN_OFF,2021-11-30 05:58:22+00
11565260,WRITTEN_OFF,2022-01-31 13:52:21+00
8093380,DETACHED,2020-07-27 07:50:41+00
8128648,WRITTEN_OFF,2021-01-31 03:25:05+00
6218804,WRITTEN_OFF,2022-12-31 04:58:43+00
11782552,DETACHED,2021-11-26 07:45:09+00
3453328,WRITTEN_OFF,2022-02-28 06:00:06+00
8362388,DETACHED,2021-07-12 06:35:43+00
5947412,WRITTEN_OFF,2021-07-31 05:16:22+00
3054988,DETACHED,2020-02-28 08:25:41+00
8347120,DETACHED,2020-10-19 07:34:24+00
6202420,DETACHED,2020-04-03 07:01:38+00
8154392,DETACHED,2020-05-27 06:21:27+00
3857632,DETACHED,2021-08-02 12:26:25+00
8141420,WRITTEN_OFF,2022-08-31 05:27:51+00
2961536,WRITTEN_OFF,2019-12-31 12:07:33+00
5661616,DETACHED,2020-04-15 14:23:14+00
10687784,WRITTEN_OFF,2023-01-31 05:53:27+00
9780212,DETACHED,2021-07-02 11:04:00+00
9426600,DETACHED,2020-09-24 10:50:06+00
15333208,WRITTEN_OFF,2024-07-31 15:28:38+00
15735584,WRITTEN_OFF,2023-12-31 02:52:57+00
10642512,DETACHED,2023-02-25 07:55:07+00
14874672,DETACHED,2022-05-07 07:39:15+00
3980032,WRITTEN_OFF,2020-06-30 19:30:46+00
5215128,DETACHED,2019-10-15 08:55:03+00
5793348,DETACHED,2020-09-02 05:19:15+00
3061108,WRITTEN_OFF,2021-11-30 05:58:22+00
14001848,WRITTEN_OFF,2023-07-31 14:19:57+00
9944444,WRITTEN_OFF,2024-09-29 21:00:00+00
14576264,WRITTEN_OFF,2022-09-30 07:21:21+00
11193620,WRITTEN_OFF,2023-08-31 07:54:02+00
4787980,WRITTEN_OFF,2022-05-31 13:18:16+00
3919696,WRITTEN_OFF,2021-08-31 07:57:35+00
7507796,DETACHED,2022-06-17 07:54:50+00
3547764,DETACHED,2020-06-23 07:10:25+00
7891312,DETACHED,2020-08-24 07:01:59+00
4303184,WRITTEN_OFF,2020-06-30 19:30:46+00
14777720,WRITTEN_OFF,2024-05-31 08:39:56+00
11510056,DETACHED,2024-06-09 15:53:33+00
14729432,WRITTEN_OFF,2022-12-05 14:33:39+00
6054468,DETACHED,2020-08-10 06:52:46+00
6001440,DETACHED,2020-09-23 06:42:56+00
15461600,WRITTEN_OFF,2023-11-30 15:08:07+00
12209480,WRITTEN_OFF,2023-10-31 14:55:59+00
9735628,DETACHED,2020-11-09 07:32:13+00
4056500,DETACHED,2022-11-05 12:00:13+00
6497980,DETACHED,2020-01-07 12:09:46+00
14209792,DETACHED,2022-06-17 05:53:31+00
3968444,DETACHED,2019-03-15 15:07:51+00
13446716,DETACHED,2022-11-29 05:10:36+00
5388776,WRITTEN_OFF,2020-12-31 03:28:02+00
5342652,DETACHED,2023-05-04 13:39:02+00
12978648,WRITTEN_OFF,2024-01-31 07:34:39+00
5706520,DETACHED,2021-04-02 11:54:32+00
4658468,WRITTEN_OFF,2020-06-30 19:30:46+00
5190756,DETACHED,2020-04-03 06:52:34+00
4477472,WRITTEN_OFF,2020-06-30 19:30:46+00
5461716,DETACHED,2021-01-13 06:09:47+00
8792156,DETACHED,2020-11-24 05:51:36+00
9842664,WRITTEN_OFF,2021-11-30 05:58:22+00
5566264,DETACHED,2020-01-28 08:05:12+00
14440220,DETACHED,2022-10-18 07:09:34+00
10943660,DETACHED,2021-12-16 13:47:19+00
3454456,DETACHED,2019-05-31 05:54:22+00
8664728,WRITTEN_OFF,2022-06-30 05:10:36+00
9370892,DETACHED,2020-09-24 14:00:22+00
9371592,WRITTEN_OFF,2022-01-31 13:52:21+00
3706032,DETACHED,2019-07-02 11:15:46+00
9460908,WRITTEN_OFF,2022-12-05 14:33:39+00
15147568,DETACHED,2024-05-17 08:16:45+00
5334588,WRITTEN_OFF,2022-10-31 02:45:25+00
3017124,WRITTEN_OFF,2022-02-28 06:00:06+00
3469952,DETACHED,2020-02-03 15:24:12+00
9470456,WRITTEN_OFF,2022-12-05 14:33:39+00
13687636,WRITTEN_OFF,2022-12-05 14:33:39+00
7940648,WRITTEN_OFF,2023-05-31 06:01:31+00
3280588,DETACHED,2020-03-24 06:18:04+00
11736176,DETACHED,2021-07-19 08:03:41+00
14410316,WRITTEN_OFF,2024-05-31 08:39:56+00
4493304,DETACHED,2019-06-25 06:25:41+00
7156552,WRITTEN_OFF,2023-03-31 06:30:25+00
5052956,DETACHED,2020-04-03 06:54:00+00
4535104,DETACHED,2020-09-15 07:03:58+00
8219168,DETACHED,2020-08-20 12:59:27+00
4635536,WRITTEN_OFF,2020-06-30 19:30:46+00
6263284,DETACHED,2020-03-13 10:16:57+00
6785576,WRITTEN_OFF,2022-06-30 05:10:36+00
2895044,DETACHED,2021-04-23 11:38:15+00
14126152,DETACHED,2022-05-20 05:21:44+00
3486708,WRITTEN_OFF,2021-09-30 14:34:09+00
3132368,DETACHED,2019-05-22 12:17:45+00
15295068,DETACHED,2022-07-27 13:05:31+00
4452884,DETACHED,2020-02-03 06:32:15+00
8888660,WRITTEN_OFF,2022-12-05 14:33:39+00
7871580,DETACHED,2020-05-19 09:34:28+00
4446044,WRITTEN_OFF,2021-06-30 18:01:59+00
12630408,DETACHED,2022-05-10 06:42:35+00
6666780,WRITTEN_OFF,2022-03-31 04:50:09+00
8160764,WRITTEN_OFF,2022-08-31 05:27:51+00
8431156,WRITTEN_OFF,2024-07-30 21:00:00+00
2863056,DETACHED,2018-10-30 07:57:48+00
6251960,DETACHED,2022-06-11 11:29:21+00
11904116,WRITTEN_OFF,2024-09-29 21:00:00+00
3332008,DETACHED,2019-12-26 07:56:20+00
6836216,DETACHED,2020-12-07 12:22:54+00
3950612,WRITTEN_OFF,2020-06-30 19:30:46+00
5182028,WRITTEN_OFF,2020-11-30 04:21:40+00
6075632,WRITTEN_OFF,2022-06-30 05:10:36+00
2901780,DETACHED,2019-07-12 13:32:43+00
5266740,WRITTEN_OFF,2024-07-30 21:00:00+00
12128796,DETACHED,2022-08-12 06:40:33+00
4290564,DETACHED,2019-06-15 14:41:43+00
5951624,WRITTEN_OFF,2022-10-31 02:45:25+00
7013100,DETACHED,2021-08-25 07:26:28+00
9185504,DETACHED,2021-01-06 15:11:15+00
8975216,DETACHED,2022-03-19 05:28:06+00
8307764,WRITTEN_OFF,2024-07-31 15:28:38+00
5815544,WRITTEN_OFF,2021-11-30 05:58:22+00
9625800,WRITTEN_OFF,2022-08-31 05:27:51+00
12100356,WRITTEN_OFF,2023-06-30 10:54:02+00
10541120,DETACHED,2022-05-04 05:20:21+00
3646608,WRITTEN_OFF,2022-02-28 06:00:06+00
3388996,DETACHED,2020-02-24 06:57:27+00
3280596,WRITTEN_OFF,2020-06-30 19:30:46+00
3092688,WRITTEN_OFF,2020-08-31 15:57:07+00
4343796,WRITTEN_OFF,2019-12-31 12:07:33+00
11932256,WRITTEN_OFF,2024-07-30 21:00:00+00
6811364,DETACHED,2020-03-06 06:56:06+00
5805028,DETACHED,2019-12-02 12:41:46+00
14575680,DETACHED,2022-01-17 08:42:58+00
3422900,DETACHED,2019-07-24 06:07:57+00
9018248,WRITTEN_OFF,2024-02-29 14:41:34+00
6510532,WRITTEN_OFF,2022-12-05 14:33:39+00
8464724,WRITTEN_OFF,2023-03-31 06:30:25+00
8699624,WRITTEN_OFF,2022-07-31 04:40:59+00
4534256,WRITTEN_OFF,2020-12-31 03:28:02+00
8768068,DETACHED,2020-12-01 07:43:36+00
15640668,DETACHED,2024-04-09 01:57:19+00
12047964,WRITTEN_OFF,2024-09-29 21:00:00+00
4684188,WRITTEN_OFF,2020-06-30 19:30:46+00
5682808,WRITTEN_OFF,2020-11-30 04:15:14+00
4735512,WRITTEN_OFF,2020-06-30 19:30:46+00
6761072,WRITTEN_OFF,2022-02-28 06:00:06+00
11132608,DETACHED,2021-04-01 07:32:33+00
6233848,DETACHED,2020-09-30 07:10:43+00
10789788,DETACHED,2021-11-29 07:57:35+00
4839700,DETACHED,2020-09-03 05:33:48+00
5706536,WRITTEN_OFF,2021-06-30 18:01:59+00
4484204,WRITTEN_OFF,2020-06-30 19:30:46+00
9579584,DETACHED,2022-08-25 05:05:46+00
6945876,DETACHED,2020-04-27 07:40:03+00
13811304,DETACHED,2022-05-20 05:20:46+00
4362448,WRITTEN_OFF,2019-12-31 12:07:33+00
4313956,WRITTEN_OFF,2021-09-30 14:34:09+00
8093236,DETACHED,2020-12-17 14:00:27+00
5181560,WRITTEN_OFF,2020-11-30 04:21:04+00
6218568,DETACHED,2020-04-09 08:07:56+00
12230652,DETACHED,2022-08-16 07:40:50+00
5949304,DETACHED,2020-01-17 08:33:34+00
10506404,DETACHED,2022-10-14 12:36:18+00
4102624,DETACHED,2020-08-10 15:44:12+00
6028100,WRITTEN_OFF,2022-02-28 06:00:06+00
8181048,WRITTEN_OFF,2022-03-31 04:50:09+00
7820900,DETACHED,2020-05-25 08:03:42+00
5974940,DETACHED,2021-09-09 06:18:36+00
6573964,WRITTEN_OFF,2023-11-30 15:08:07+00
14533496,DETACHED,2023-08-31 08:35:46+00
3477772,WRITTEN_OFF,2019-12-31 12:07:33+00
8881356,DETACHED,2021-01-07 15:30:47+00
14037128,WRITTEN_OFF,2024-01-31 07:34:39+00
15367564,WRITTEN_OFF,2023-04-30 12:39:59+00
9640280,DETACHED,2020-10-30 12:58:22+00
3795916,DETACHED,2019-08-25 02:06:10+00
7054972,WRITTEN_OFF,2022-12-05 14:33:39+00
13566100,WRITTEN_OFF,2024-02-29 14:41:34+00
7073428,DETACHED,2020-06-02 05:55:03+00
4434324,DETACHED,2020-02-26 12:08:24+00
4264016,DETACHED,2019-04-16 07:27:12+00
10194908,DETACHED,2021-02-01 14:28:58+00
5513748,DETACHED,2020-03-03 16:11:26+00
11286020,DETACHED,2021-05-17 10:52:12+00
5414960,DETACHED,2020-03-02 14:32:47+00
12208748,DETACHED,2021-10-14 10:49:56+00
9227884,DETACHED,2020-09-07 13:54:05+00
5094884,DETACHED,2020-02-24 12:31:14+00
4244500,WRITTEN_OFF,2021-08-31 07:57:35+00
5671480,DETACHED,2021-04-27 10:36:06+00
8781324,DETACHED,2020-08-07 11:44:47+00
13836172,DETACHED,2022-05-19 12:08:39+00
15395364,WRITTEN_OFF,2024-09-29 21:00:00+00
4470016,DETACHED,2019-07-16 02:45:18+00
4405468,DETACHED,2019-08-06 10:39:53+00
12994740,DETACHED,2022-05-05 11:26:50+00
12534416,WRITTEN_OFF,2023-01-31 05:53:27+00
5232564,WRITTEN_OFF,2023-05-31 06:01:31+00
3173144,WRITTEN_OFF,2020-11-30 04:20:15+00
12499040,WRITTEN_OFF,2022-12-31 04:58:43+00
3992464,DETACHED,2019-05-06 06:08:23+00
6939428,DETACHED,2022-05-05 09:50:44+00
4425720,WRITTEN_OFF,2021-12-31 04:44:49+00
11569876,WRITTEN_OFF,2023-04-30 12:39:59+00
11850104,WRITTEN_OFF,2022-12-31 04:58:43+00
3048124,DETACHED,2019-02-28 17:22:25+00
4873420,DETACHED,2020-10-30 12:36:37+00
4673532,DETACHED,2021-01-25 11:10:41+00
7142904,WRITTEN_OFF,2022-12-05 14:33:39+00
3743396,WRITTEN_OFF,2020-11-30 04:25:58+00
6820528,DETACHED,2021-01-04 11:57:15+00
3494192,WRITTEN_OFF,2019-12-31 12:07:33+00
13372984,DETACHED,2021-10-29 12:54:05+00
2920316,DETACHED,2019-02-08 15:02:02+00
8645760,DETACHED,2020-07-27 06:06:41+00
7098640,WRITTEN_OFF,2020-11-30 04:26:27+00
3205288,DETACHED,2019-05-24 08:57:42+00
15735112,WRITTEN_OFF,2024-03-31 09:43:02+00
4002812,WRITTEN_OFF,2020-06-30 19:30:46+00
14891816,DETACHED,2022-04-22 07:01:10+00
5319968,DETACHED,2019-09-18 11:16:44+00
12935276,DETACHED,2022-08-30 13:57:39+00
11681688,DETACHED,2021-08-03 14:26:57+00
13281872,DETACHED,2022-07-14 05:52:14+00
10129280,WRITTEN_OFF,2024-04-30 15:29:02+00
15026692,WRITTEN_OFF,2023-12-31 02:52:57+00
3940304,WRITTEN_OFF,2020-06-30 19:30:46+00
8237496,DETACHED,2021-10-12 06:11:20+00
3032504,WRITTEN_OFF,2022-07-31 04:40:59+00
3424224,DETACHED,2019-02-22 11:57:37+00
3617428,WRITTEN_OFF,2022-12-31 04:58:43+00
9884192,WRITTEN_OFF,2022-04-30 06:58:47+00
11593656,WRITTEN_OFF,2022-03-31 04:50:09+00
14689716,WRITTEN_OFF,2022-10-31 02:45:25+00
6511856,DETACHED,2020-07-27 07:46:11+00
13117508,DETACHED,2022-02-21 10:26:38+00
12806740,WRITTEN_OFF,2024-03-31 09:43:02+00
4303364,WRITTEN_OFF,2023-03-31 06:30:25+00
6261880,DETACHED,2020-07-09 10:53:50+00
6054180,WRITTEN_OFF,2020-06-30 19:30:46+00
5503252,DETACHED,2020-03-02 10:02:33+00
13153104,WRITTEN_OFF,2024-03-31 09:43:02+00
5982380,WRITTEN_OFF,2020-06-30 19:30:46+00
5369608,DETACHED,2020-07-27 06:16:47+00
9738016,WRITTEN_OFF,2024-04-30 15:29:02+00
4043600,DETACHED,2019-09-25 08:02:49+00
13430560,DETACHED,2022-06-17 12:09:48+00
5959776,DETACHED,2021-03-30 05:40:50+00
6164324,DETACHED,2020-12-08 12:31:28+00
4220256,DETACHED,2019-12-18 15:16:33+00
4974792,DETACHED,2020-01-22 06:01:51+00
5650224,WRITTEN_OFF,2024-03-31 09:43:02+00
3262380,DETACHED,2019-11-29 12:04:36+00
3262420,DETACHED,2019-11-29 12:05:33+00
11664724,WRITTEN_OFF,2022-02-28 06:00:06+00
4539348,WRITTEN_OFF,2019-12-31 12:07:33+00
11095700,WRITTEN_OFF,2021-11-30 05:58:22+00
12192348,DETACHED,2023-07-26 13:08:54+00
12497636,DETACHED,2022-01-18 06:32:16+00
3993036,DETACHED,2019-05-20 06:58:36+00
11832740,DETACHED,2021-05-10 06:25:52+00
7168092,DETACHED,2020-04-28 06:01:00+00
8074472,DETACHED,2020-05-11 06:12:34+00
10222020,WRITTEN_OFF,2022-03-31 04:50:09+00
13014528,DETACHED,2021-06-29 05:56:45+00
6649868,DETACHED,2020-07-27 06:22:14+00
3224460,DETACHED,2019-01-23 09:08:43+00
3848332,WRITTEN_OFF,2020-06-30 19:30:46+00
8037676,WRITTEN_OFF,2022-08-31 05:27:51+00
8840852,WRITTEN_OFF,2023-09-29 15:54:11+00
10377196,WRITTEN_OFF,2024-06-30 07:35:37+00
3705812,WRITTEN_OFF,2021-11-30 05:58:22+00
6535540,DETACHED,2020-01-30 06:09:06+00
6562288,DETACHED,2020-04-20 07:15:40+00
10954300,DETACHED,2021-06-22 13:58:31+00
5422656,WRITTEN_OFF,2020-06-30 19:30:46+00
8318764,DETACHED,2021-01-19 05:48:28+00
9405588,WRITTEN_OFF,2022-01-31 13:52:21+00
5630224,DETACHED,2019-11-29 12:11:16+00
5632744,DETACHED,2020-04-30 06:38:50+00
5499664,WRITTEN_OFF,2024-04-30 15:29:02+00
15588544,DETACHED,2022-01-19 05:56:03+00
3389172,WRITTEN_OFF,2024-07-30 21:00:00+00
4172620,DETACHED,2020-03-12 08:07:22+00
5405620,WRITTEN_OFF,2023-01-31 05:53:27+00
8253708,DETACHED,2021-12-13 07:31:26+00
9200296,WRITTEN_OFF,2022-04-30 06:58:47+00
2939136,DETACHED,2019-06-17 06:26:40+00
3696700,DETACHED,2020-03-09 11:09:19+00
5031732,DETACHED,2019-09-27 13:54:51+00
14410668,DETACHED,2021-12-20 07:05:09+00
6546268,WRITTEN_OFF,2021-09-30 14:34:09+00
10611424,WRITTEN_OFF,2024-07-30 21:00:00+00
11032524,DETACHED,2023-11-29 05:27:17+00
8620452,WRITTEN_OFF,2022-04-30 06:58:47+00
15129028,WRITTEN_OFF,2022-12-31 04:58:43+00
4786832,WRITTEN_OFF,2020-06-30 19:30:46+00
11819452,DETACHED,2022-05-04 11:59:48+00
9540980,WRITTEN_OFF,2021-07-31 05:16:22+00
3907988,DETACHED,2019-10-16 06:49:09+00
14427172,DETACHED,2022-10-06 06:29:04+00
11291340,WRITTEN_OFF,2024-09-29 21:00:00+00
6895884,DETACHED,2021-01-20 13:25:46+00
11536608,DETACHED,2021-11-29 06:33:28+00
11537808,DETACHED,2022-06-13 07:24:11+00
9226952,WRITTEN_OFF,2022-12-05 14:33:39+00
8563868,DETACHED,2021-10-09 10:59:39+00
4108980,DETACHED,2020-01-17 14:23:40+00
8744120,WRITTEN_OFF,2023-03-31 06:30:25+00
7088064,DETACHED,2021-08-04 10:55:57+00
5291904,WRITTEN_OFF,2021-11-30 05:58:22+00
15485420,WRITTEN_OFF,2023-12-31 02:52:57+00
3103516,DETACHED,2018-11-26 12:50:07+00
3769916,DETACHED,2020-06-11 08:14:18+00
12712108,DETACHED,2021-09-13 13:08:40+00
8522260,DETACHED,2020-07-07 13:25:44+00
3573876,DETACHED,2021-09-17 14:17:16+00
2901904,WRITTEN_OFF,2019-12-31 12:07:33+00
14075236,DETACHED,2022-07-21 05:28:18+00
3143172,WRITTEN_OFF,2019-12-31 12:07:33+00
6377164,DETACHED,2020-03-05 14:31:19+00
10101504,DETACHED,2021-06-15 10:47:02+00
3024712,DETACHED,2019-05-08 11:50:09+00
14188184,DETACHED,2021-09-29 08:06:30+00
4717856,WRITTEN_OFF,2022-12-05 14:33:39+00
5736224,WRITTEN_OFF,2022-06-30 05:10:36+00
5908044,DETACHED,2020-01-15 06:32:22+00
10350736,WRITTEN_OFF,2024-07-30 21:00:00+00
10351032,WRITTEN_OFF,2022-06-30 05:10:36+00
15536348,DETACHED,2023-06-08 07:35:25+00
7364096,WRITTEN_OFF,2022-12-31 04:58:43+00
9472232,DETACHED,2021-10-08 07:00:47+00
13281568,WRITTEN_OFF,2023-04-30 12:39:59+00
7025068,DETACHED,2020-08-29 10:42:31+00
7025900,DETACHED,2020-07-01 06:18:35+00
15516120,DETACHED,2022-08-03 08:35:26+00
6928452,DETACHED,2020-08-07 11:48:53+00
8439400,DETACHED,2020-08-19 11:21:20+00
4092060,DETACHED,2019-07-17 13:35:56+00
8498760,WRITTEN_OFF,2022-07-31 04:40:59+00
7790160,DETACHED,2021-01-07 15:28:10+00
3429072,DETACHED,2019-03-14 13:39:58+00
3429140,WRITTEN_OFF,2021-12-31 04:44:49+00
11113004,WRITTEN_OFF,2023-05-31 06:01:31+00
7156804,DETACHED,2020-08-26 12:52:18+00
14627872,DETACHED,2021-12-10 11:59:37+00
10078000,DETACHED,2020-11-16 14:30:39+00
3399564,DETACHED,2019-04-09 05:50:35+00
3175612,WRITTEN_OFF,2022-12-05 14:33:39+00
9541256,DETACHED,2021-04-21 13:54:37+00
4303184,DETACHED,2022-09-03 07:10:12+00
11416468,DETACHED,2022-04-29 04:56:16+00
11512332,DETACHED,2021-03-09 08:11:22+00
5282276,DETACHED,2020-02-17 11:05:01+00
6875128,WRITTEN_OFF,2023-03-31 06:30:25+00
7126340,DETACHED,2021-09-29 08:24:07+00
6585216,DETACHED,2020-03-09 14:00:12+00
3342616,WRITTEN_OFF,2020-06-30 19:30:46+00
4324980,DETACHED,2019-08-12 11:24:18+00
11634392,WRITTEN_OFF,2024-04-30 15:29:02+00
10789792,WRITTEN_OFF,2022-09-30 07:21:21+00
13773972,DETACHED,2022-01-21 06:10:43+00
3749576,DETACHED,2019-06-15 14:33:40+00
8416380,WRITTEN_OFF,2022-08-31 05:27:51+00
3262600,WRITTEN_OFF,2021-01-31 03:25:05+00
5191060,DETACHED,2020-10-30 12:54:42+00
12513064,WRITTEN_OFF,2023-07-31 14:19:57+00
12995972,DETACHED,2021-09-20 14:27:58+00
6888944,DETACHED,2021-05-18 05:58:20+00
8325932,WRITTEN_OFF,2023-05-31 06:01:31+00
12773328,WRITTEN_OFF,2022-10-31 02:45:25+00
4575584,DETACHED,2020-02-26 06:34:01+00
5520664,DETACHED,2020-05-12 05:52:29+00
8450432,WRITTEN_OFF,2022-08-31 05:27:51+00
5600520,WRITTEN_OFF,2022-12-05 14:33:39+00
3514412,DETACHED,2019-09-19 11:43:55+00
14841244,WRITTEN_OFF,2022-07-31 04:40:59+00
6227288,WRITTEN_OFF,2023-01-31 05:53:27+00
11523652,WRITTEN_OFF,2024-09-29 21:00:00+00
14294700,WRITTEN_OFF,2022-12-05 14:33:39+00
11312092,DETACHED,2024-02-29 11:55:08+00
4717156,WRITTEN_OFF,2021-11-30 05:58:22+00
10685680,WRITTEN_OFF,2023-03-31 06:30:25+00
7068512,DETACHED,2022-05-13 14:57:42+00
4830320,DETACHED,2020-10-19 08:01:09+00
6408784,WRITTEN_OFF,2022-05-31 13:18:16+00
14934220,WRITTEN_OFF,2024-07-30 21:00:00+00
4170512,DETACHED,2019-08-01 07:35:41+00
5405480,WRITTEN_OFF,2022-04-30 06:58:47+00
3477948,DETACHED,2020-03-24 06:17:12+00
11680644,DETACHED,2021-06-28 14:02:48+00
12579144,DETACHED,2023-09-26 08:13:34+00
3716348,WRITTEN_OFF,2019-12-31 12:07:33+00
14237644,DETACHED,2023-09-06 12:18:55+00
11765744,DETACHED,2022-09-21 05:03:52+00
7925852,WRITTEN_OFF,2020-12-31 03:28:02+00
10144132,WRITTEN_OFF,2023-04-30 12:39:59+00
4635780,WRITTEN_OFF,2024-06-30 07:35:37+00
11881604,WRITTEN_OFF,2023-11-30 15:08:07+00
9913420,DETACHED,2021-06-14 12:31:50+00
10156976,WRITTEN_OFF,2024-06-30 07:35:37+00
10425196,DETACHED,2021-11-09 08:44:06+00
14804520,DETACHED,2022-06-11 06:22:28+00
14804668,WRITTEN_OFF,2024-08-02 08:17:03+00
10278644,DETACHED,2022-02-28 06:36:13+00
9106840,DETACHED,2022-03-30 08:26:02+00
10295320,WRITTEN_OFF,2024-01-31 07:34:39+00
3028120,WRITTEN_OFF,2021-03-31 06:50:25+00
3244540,DETACHED,2019-09-25 10:55:40+00
3838996,DETACHED,2020-06-20 13:22:51+00
11410540,DETACHED,2021-07-31 17:04:45+00
10392996,WRITTEN_OFF,2023-04-30 12:39:59+00
8284808,WRITTEN_OFF,2022-01-31 13:52:21+00
8268048,WRITTEN_OFF,2023-07-31 14:19:57+00
8269000,WRITTEN_OFF,2022-08-31 05:27:51+00
4797208,DETACHED,2019-07-16 02:49:19+00
5082292,DETACHED,2021-07-15 14:40:08+00
8326044,DETACHED,2020-07-24 08:44:44+00
11832348,WRITTEN_OFF,2023-03-31 06:30:25+00
7492720,DETACHED,2022-08-19 13:24:57+00
12713052,DETACHED,2021-06-18 08:57:59+00
3453608,DETACHED,2021-06-03 13:50:21+00
14823624,WRITTEN_OFF,2023-01-31 05:53:27+00
7111344,WRITTEN_OFF,2023-03-31 06:30:25+00
2933564,DETACHED,2020-11-10 06:38:51+00
14840588,WRITTEN_OFF,2023-06-30 10:54:02+00
3055184,DETACHED,2019-01-29 15:58:36+00
4597440,DETACHED,2020-01-29 08:20:21+00
2962192,DETACHED,2020-06-19 05:59:30+00
3359696,WRITTEN_OFF,2022-03-31 04:50:09+00
2887896,DETACHED,2019-12-31 09:08:03+00
9898112,DETACHED,2021-06-24 06:09:54+00
13522048,WRITTEN_OFF,2022-06-30 05:10:36+00
3389412,WRITTEN_OFF,2022-12-05 14:33:39+00
5105424,DETACHED,2020-10-30 11:58:35+00
14875088,DETACHED,2024-03-14 07:43:42+00
8228820,DETACHED,2020-07-02 13:59:08+00
11746748,DETACHED,2022-06-23 11:11:00+00
6698020,DETACHED,2020-04-02 07:05:43+00
13187280,WRITTEN_OFF,2023-05-31 06:01:31+00
5853772,DETACHED,2020-10-20 05:59:59+00
6708636,DETACHED,2021-02-19 10:56:25+00
4983344,DETACHED,2021-08-04 10:58:15+00
5889912,DETACHED,2021-06-24 13:16:24+00
10144432,WRITTEN_OFF,2024-05-31 08:39:56+00
5155832,DETACHED,2020-01-29 05:37:34+00
4397532,DETACHED,2019-06-20 09:06:19+00
14726364,DETACHED,2023-01-11 06:01:45+00
3486980,WRITTEN_OFF,2020-06-30 19:30:46+00
5330240,DETACHED,2020-11-23 08:27:10+00
3687836,WRITTEN_OFF,2021-03-31 06:50:25+00
6717844,DETACHED,2020-11-06 13:25:41+00
4056100,WRITTEN_OFF,2020-06-30 19:30:46+00
10751084,DETACHED,2022-06-22 08:47:30+00
10756204,WRITTEN_OFF,2022-12-31 04:58:43+00
3244860,WRITTEN_OFF,2020-12-31 03:28:02+00
4244336,WRITTEN_OFF,2021-08-31 07:57:35+00
3748756,DETACHED,2019-04-10 12:15:40+00
10391272,DETACHED,2022-10-14 11:16:31+00
12355004,WRITTEN_OFF,2022-07-31 04:40:59+00
13669876,DETACHED,2022-12-09 09:03:42+00
5042272,DETACHED,2020-03-17 07:41:11+00
12500176,DETACHED,2021-08-31 12:40:06+00
4362348,WRITTEN_OFF,2020-06-30 19:30:46+00
8195200,DETACHED,2020-10-09 14:37:24+00
6485172,DETACHED,2020-01-27 06:20:49+00
7405416,DETACHED,2020-04-03 06:47:41+00
10461380,WRITTEN_OFF,2023-01-31 05:53:27+00
4566512,DETACHED,2019-08-21 12:54:31+00
8725644,DETACHED,2020-08-31 11:37:07+00
9388836,WRITTEN_OFF,2022-03-31 04:50:09+00
4557048,WRITTEN_OFF,2020-06-30 19:30:46+00
4033292,DETACHED,2019-04-05 14:49:59+00
5841824,DETACHED,2021-03-03 05:58:54+00
8656124,DETACHED,2020-08-07 09:58:56+00
9328168,DETACHED,2021-01-08 08:31:12+00
7635480,WRITTEN_OFF,2023-03-31 06:30:25+00
6723116,WRITTEN_OFF,2023-07-31 14:19:57+00
5251520,DETACHED,2020-08-19 10:45:32+00
4510188,WRITTEN_OFF,2020-06-30 19:30:46+00
3723852,WRITTEN_OFF,2020-06-30 19:30:46+00
3016864,WRITTEN_OFF,2020-06-30 19:30:46+00
8544760,DETACHED,2021-09-13 13:06:29+00
14275788,DETACHED,2022-08-24 13:45:00+00
10834656,DETACHED,2023-10-20 13:45:51+00
9473052,WRITTEN_OFF,2022-10-31 02:45:25+00
15603820,WRITTEN_OFF,2023-07-31 14:19:57+00
3477772,DETACHED,2020-04-03 07:55:37+00
7024664,DETACHED,2020-03-05 14:35:09+00
5032448,WRITTEN_OFF,2022-12-05 14:33:39+00
3443916,DETACHED,2019-06-06 14:53:06+00
5054288,DETACHED,2020-05-26 07:09:02+00
14363132,WRITTEN_OFF,2024-07-30 21:00:00+00
4664480,WRITTEN_OFF,2022-02-28 06:00:06+00
4787220,WRITTEN_OFF,2022-05-31 13:18:16+00
5116480,WRITTEN_OFF,2022-02-28 06:00:06+00
10915316,DETACHED,2021-06-24 12:18:14+00
6326092,DETACHED,2021-09-01 06:21:23+00
7910412,DETACHED,2020-10-14 12:59:53+00
14125196,WRITTEN_OFF,2024-07-30 21:00:00+00
7346008,DETACHED,2020-06-05 10:28:39+00
6320292,WRITTEN_OFF,2023-04-30 12:39:59+00
8813468,WRITTEN_OFF,2022-12-31 04:58:43+00
14762012,WRITTEN_OFF,2023-01-31 05:53:27+00
6164756,DETACHED,2020-04-10 06:01:21+00
4151336,WRITTEN_OFF,2024-01-31 07:34:39+00
7873244,WRITTEN_OFF,2023-08-31 07:54:02+00
3957188,DETACHED,2019-09-04 13:59:36+00
9580280,DETACHED,2021-02-08 07:44:08+00
6104224,DETACHED,2020-08-19 17:02:40+00
6337428,DETACHED,2020-03-12 07:49:46+00
4777660,DETACHED,2020-04-08 13:18:24+00
9357508,DETACHED,2022-12-06 07:08:49+00
10662768,WRITTEN_OFF,2024-03-31 09:43:02+00
8605136,DETACHED,2023-03-22 06:58:56+00
11916812,DETACHED,2021-12-13 09:28:35+00
3804808,WRITTEN_OFF,2023-11-30 15:08:07+00
4567324,WRITTEN_OFF,2019-12-31 12:07:33+00
3506752,WRITTEN_OFF,2021-12-31 04:44:49+00
11524540,DETACHED,2022-06-08 11:57:17+00
12157640,WRITTEN_OFF,2023-03-31 06:30:25+00
3081180,WRITTEN_OFF,2020-06-30 19:30:46+00
3706972,DETACHED,2019-05-13 07:39:18+00
6562056,WRITTEN_OFF,2023-05-31 06:01:31+00
14394800,DETACHED,2021-10-04 14:46:17+00
9214096,DETACHED,2021-06-17 13:35:16+00
9810660,DETACHED,2021-05-28 08:51:46+00
4462820,WRITTEN_OFF,2022-01-31 13:52:21+00
4774552,WRITTEN_OFF,2020-06-30 19:30:46+00
8899016,DETACHED,2021-01-18 07:14:21+00
3720304,DETACHED,2020-02-10 10:48:13+00
11427192,WRITTEN_OFF,2022-04-30 06:58:47+00
8643764,WRITTEN_OFF,2022-02-28 06:00:06+00
15734132,DETACHED,2022-05-05 09:34:01+00
4003200,WRITTEN_OFF,2022-08-31 05:27:51+00
4843376,DETACHED,2019-10-10 14:21:31+00
5716496,DETACHED,2020-03-02 10:39:49+00
13890732,DETACHED,2022-06-16 13:19:49+00
5691464,WRITTEN_OFF,2022-01-31 13:52:21+00
3522364,WRITTEN_OFF,2020-06-30 19:30:46+00
4900128,WRITTEN_OFF,2020-12-31 03:28:02+00
5361300,DETACHED,2020-03-16 14:44:20+00
8253820,WRITTEN_OFF,2021-12-31 04:44:49+00
9200340,DETACHED,2021-10-07 14:20:43+00
10265884,WRITTEN_OFF,2023-09-29 15:49:13+00
8756984,DETACHED,2021-03-25 05:31:59+00
9927044,DETACHED,2021-11-23 08:56:24+00
3443088,DETACHED,2019-08-31 12:37:31+00
3423588,WRITTEN_OFF,2019-12-31 12:07:33+00
5854404,WRITTEN_OFF,2020-06-30 19:30:46+00
13314972,WRITTEN_OFF,2023-08-31 07:54:02+00
4433592,WRITTEN_OFF,2022-06-30 05:10:36+00
4264204,DETACHED,2020-07-13 09:52:18+00
4140404,WRITTEN_OFF,2023-05-31 06:01:31+00
12854308,DETACHED,2022-06-09 06:50:17+00
13933044,DETACHED,2024-04-29 11:29:28+00
4119856,DETACHED,2019-05-03 14:04:27+00
4120900,WRITTEN_OFF,2019-12-31 12:07:33+00
3381724,WRITTEN_OFF,2022-12-05 14:33:39+00
6001744,DETACHED,2020-03-17 11:42:20+00
11537808,WRITTEN_OFF,2022-03-31 04:50:09+00
6132636,DETACHED,2020-02-14 15:08:38+00
6718248,DETACHED,2021-07-12 06:37:37+00
14806124,WRITTEN_OFF,2023-03-31 06:30:25+00
4108164,WRITTEN_OFF,2020-12-31 03:28:02+00
8995832,WRITTEN_OFF,2021-08-31 07:57:35+00
5387896,WRITTEN_OFF,2023-12-31 02:52:57+00
9871496,WRITTEN_OFF,2023-08-31 07:54:02+00
6250960,DETACHED,2020-08-17 07:04:16+00
14745860,DETACHED,2022-11-12 07:47:19+00
6188948,WRITTEN_OFF,2022-01-31 13:52:21+00
8325968,DETACHED,2020-09-02 07:31:36+00
4362336,DETACHED,2019-09-26 13:13:43+00
8450452,WRITTEN_OFF,2024-07-31 15:28:38+00
12675576,WRITTEN_OFF,2022-04-30 06:58:47+00
12231960,WRITTEN_OFF,2024-06-30 07:35:37+00
13299460,DETACHED,2022-04-16 07:14:54+00
4281564,DETACHED,2019-12-31 09:09:12+00
9370856,DETACHED,2022-05-06 09:01:26+00
11228360,WRITTEN_OFF,2022-05-31 13:18:16+00
4033052,DETACHED,2020-02-11 08:41:00+00
3556068,WRITTEN_OFF,2019-12-31 12:07:33+00
9327008,DETACHED,2020-11-23 07:33:25+00
15351760,WRITTEN_OFF,2024-07-30 21:00:00+00
15352196,WRITTEN_OFF,2023-10-31 14:55:59+00
8183084,DETACHED,2020-12-24 08:11:24+00
3646608,DETACHED,2023-02-13 13:42:38+00
5375840,WRITTEN_OFF,2022-01-31 13:52:21+00
8013360,WRITTEN_OFF,2022-12-31 04:58:43+00
14934100,WRITTEN_OFF,2023-12-31 02:52:57+00
5453884,DETACHED,2020-09-02 09:08:16+00
4273268,WRITTEN_OFF,2021-11-30 05:58:22+00
12660356,DETACHED,2022-03-08 12:49:21+00
3787968,DETACHED,2019-07-08 07:22:52+00
4171544,DETACHED,2021-02-18 06:05:42+00
4253712,WRITTEN_OFF,2021-09-30 14:34:09+00
7850020,WRITTEN_OFF,2023-05-31 06:01:31+00
5214372,WRITTEN_OFF,2021-06-30 18:01:59+00
5745688,DETACHED,2020-09-23 06:47:17+00
5793268,WRITTEN_OFF,2022-03-31 04:50:09+00
13651536,WRITTEN_OFF,2024-02-29 14:41:34+00
10611000,DETACHED,2021-12-03 08:26:50+00
12748164,WRITTEN_OFF,2022-08-31 05:27:51+00
7980040,WRITTEN_OFF,2021-12-31 04:44:49+00
3086512,DETACHED,2020-07-21 06:23:31+00
3175176,WRITTEN_OFF,2021-04-30 03:28:03+00
12264424,WRITTEN_OFF,2022-06-30 05:10:36+00
4534192,WRITTEN_OFF,2020-06-30 19:30:46+00
7507688,DETACHED,2020-10-19 07:41:16+00
3550260,DETACHED,2020-08-17 11:52:53+00
5274756,DETACHED,2020-02-19 13:42:30+00
8391860,DETACHED,2021-06-28 12:43:03+00
7299680,DETACHED,2020-07-17 14:09:07+00
5982716,WRITTEN_OFF,2020-06-30 19:30:46+00
3687628,DETACHED,2019-12-13 10:58:16+00
4453368,DETACHED,2019-09-25 10:52:30+00
3582208,DETACHED,2021-10-29 12:51:57+00
5388560,WRITTEN_OFF,2021-08-31 07:57:35+00
5671152,DETACHED,2022-06-30 05:43:34+00
10788652,DETACHED,2021-07-12 06:36:40+00
9873520,WRITTEN_OFF,2022-12-31 04:58:43+00
10087304,DETACHED,2021-06-24 06:07:47+00
6626944,DETACHED,2020-02-05 12:52:24+00
7613956,WRITTEN_OFF,2020-12-31 03:28:02+00
7571156,DETACHED,2020-07-24 06:52:31+00
9610440,WRITTEN_OFF,2022-05-31 13:18:16+00
7707240,WRITTEN_OFF,2024-03-31 09:43:02+00
12789624,DETACHED,2023-05-15 12:20:47+00
12838724,WRITTEN_OFF,2023-04-30 12:39:59+00
2882244,DETACHED,2019-10-09 07:51:56+00
3574636,DETACHED,2019-07-07 13:38:15+00
10222308,DETACHED,2022-01-21 06:08:17+00
7390908,WRITTEN_OFF,2021-07-31 05:16:22+00
11393044,DETACHED,2021-06-11 06:42:13+00
10208168,WRITTEN_OFF,2023-08-31 07:54:02+00
3024088,DETACHED,2020-04-21 07:43:38+00
10253420,WRITTEN_OFF,2024-07-31 15:28:38+00
6229468,WRITTEN_OFF,2022-03-31 04:50:09+00
6615644,DETACHED,2020-06-16 06:01:21+00
3857284,WRITTEN_OFF,2020-06-30 19:30:46+00
7680440,WRITTEN_OFF,2022-01-31 13:52:21+00
9712616,DETACHED,2020-12-16 05:46:26+00
5222816,WRITTEN_OFF,2023-01-31 05:53:27+00
8591328,WRITTEN_OFF,2023-04-30 12:39:59+00
3738200,DETACHED,2020-09-23 14:05:20+00
4518428,WRITTEN_OFF,2020-06-30 19:30:46+00
5333672,WRITTEN_OFF,2023-08-31 07:54:02+00
10686808,WRITTEN_OFF,2024-01-31 07:34:39+00
12969584,DETACHED,2021-06-17 13:54:56+00
13503208,WRITTEN_OFF,2022-06-30 05:10:36+00
9402664,DETACHED,2021-04-27 07:26:16+00
7964376,WRITTEN_OFF,2021-11-30 05:58:22+00
12757972,WRITTEN_OFF,2023-11-30 15:08:07+00
13169376,WRITTEN_OFF,2024-07-30 21:00:00+00
2910264,DETACHED,2019-01-21 12:00:24+00
4342004,WRITTEN_OFF,2019-12-31 12:07:33+00
14409444,DETACHED,2022-01-29 07:14:04+00
6349552,DETACHED,2020-05-29 06:32:04+00
13651536,DETACHED,2024-03-27 06:19:50+00
5399344,WRITTEN_OFF,2023-03-31 06:30:25+00
8942824,DETACHED,2021-08-31 12:41:17+00
5890496,WRITTEN_OFF,2021-06-30 18:01:59+00
3530796,DETACHED,2019-07-08 08:02:16+00
3889084,WRITTEN_OFF,2020-06-30 19:30:46+00
6917188,DETACHED,2020-02-29 06:25:56+00
6459356,WRITTEN_OFF,2022-12-31 04:58:43+00
7546164,DETACHED,2022-01-31 06:20:24+00
10815444,DETACHED,2022-05-20 05:23:11+00
13792336,WRITTEN_OFF,2024-06-30 07:35:37+00
4694576,WRITTEN_OFF,2021-01-31 03:25:05+00
5882552,WRITTEN_OFF,2020-06-30 19:30:46+00
11328692,DETACHED,2022-02-10 14:11:05+00
4056500,WRITTEN_OFF,2021-09-30 14:34:09+00
4764800,WRITTEN_OFF,2020-06-30 19:30:46+00
4994720,DETACHED,2019-07-10 06:28:50+00
5388404,WRITTEN_OFF,2022-04-30 06:58:47+00
6628292,DETACHED,2020-02-11 09:10:29+00
8415992,WRITTEN_OFF,2021-11-30 05:58:22+00
9579644,DETACHED,2021-04-29 06:38:14+00
12512968,DETACHED,2022-11-11 09:58:10+00
6903824,WRITTEN_OFF,2021-11-30 05:58:22+00
10479284,DETACHED,2021-06-21 08:47:57+00
12542052,DETACHED,2022-01-28 12:41:17+00
3111728,DETACHED,2021-10-09 11:04:45+00
5041896,WRITTEN_OFF,2022-01-31 13:52:21+00
12789632,DETACHED,2022-05-12 05:16:46+00
3828820,DETACHED,2020-06-03 07:21:03+00
5530536,DETACHED,2020-01-27 08:09:16+00
3048172,WRITTEN_OFF,2022-12-05 14:33:39+00
6073464,DETACHED,2020-09-15 07:02:28+00
7492324,DETACHED,2020-03-05 07:21:57+00
11916700,DETACHED,2021-11-16 07:33:30+00
6063800,DETACHED,2020-01-20 06:36:04+00
4282084,DETACHED,2019-04-25 10:59:54+00
3605352,WRITTEN_OFF,2020-06-30 19:30:46+00
4616080,DETACHED,2020-05-14 06:39:44+00
9371208,DETACHED,2020-11-17 12:52:23+00
10209644,DETACHED,2021-04-15 06:08:23+00
2955428,DETACHED,2018-11-02 14:51:55+00
7601568,DETACHED,2022-05-06 08:30:45+00
10046612,WRITTEN_OFF,2021-09-30 14:34:09+00
4717848,DETACHED,2019-06-24 07:30:30+00
4462628,DETACHED,2019-10-23 06:29:30+00
12415232,DETACHED,2021-05-17 11:01:04+00
13872992,WRITTEN_OFF,2022-10-31 02:45:25+00
9593612,WRITTEN_OFF,2022-04-30 06:58:47+00
5480856,DETACHED,2020-10-30 12:44:56+00
5481048,DETACHED,2020-07-22 12:41:58+00
3566828,DETACHED,2019-01-24 07:08:27+00
3078160,DETACHED,2021-03-15 10:58:24+00
3980052,DETACHED,2019-12-31 09:08:43+00
2949512,WRITTEN_OFF,2022-12-05 14:33:39+00
13653008,WRITTEN_OFF,2024-01-31 07:34:39+00
6364308,DETACHED,2021-01-18 07:18:33+00
4967792,WRITTEN_OFF,2023-05-31 06:01:31+00
13950680,DETACHED,2023-02-02 13:30:46+00
10443484,WRITTEN_OFF,2021-07-31 05:16:22+00
9246716,WRITTEN_OFF,2023-05-31 06:01:31+00
3381472,WRITTEN_OFF,2022-12-05 14:33:39+00
3132240,WRITTEN_OFF,2020-06-30 19:30:46+00
14787792,DETACHED,2022-04-19 05:38:26+00
4108112,WRITTEN_OFF,2020-06-30 19:30:46+00
9107388,WRITTEN_OFF,2023-05-31 06:01:31+00
9564844,WRITTEN_OFF,2022-08-31 05:27:51+00
2862836,WRITTEN_OFF,2019-12-31 12:07:33+00
5191060,WRITTEN_OFF,2020-06-30 19:30:46+00
7084872,DETACHED,2020-05-13 07:19:17+00
7086068,DETACHED,2020-06-10 05:58:22+00
6890200,DETACHED,2020-04-03 14:18:17+00
15187612,DETACHED,2022-05-25 06:45:37+00
3103852,WRITTEN_OFF,2021-07-31 05:16:22+00
8198408,DETACHED,2020-07-02 08:22:49+00
12530136,DETACHED,2021-12-02 09:18:39+00
12951304,DETACHED,2022-10-25 12:38:27+00
5520348,DETACHED,2020-04-13 05:00:04+00
8522256,DETACHED,2020-08-24 07:02:40+00
12007556,DETACHED,2021-07-21 08:26:31+00
4755188,WRITTEN_OFF,2020-06-30 19:30:46+00
4281616,WRITTEN_OFF,2023-04-30 12:39:59+00
4852340,DETACHED,2022-02-21 10:35:40+00
10673040,DETACHED,2021-06-01 06:05:43+00
12247684,WRITTEN_OFF,2023-11-30 15:08:07+00
10853908,DETACHED,2021-04-01 07:34:12+00
5905308,DETACHED,2021-06-29 05:55:09+00
9446000,DETACHED,2021-11-29 07:39:50+00
7554432,WRITTEN_OFF,2022-12-31 04:58:43+00
3016864,DETACHED,2020-07-06 14:18:34+00
7817680,WRITTEN_OFF,2022-09-30 07:21:21+00
12562232,WRITTEN_OFF,2023-12-31 02:52:57+00
8912288,DETACHED,2021-09-07 05:20:32+00
11143684,DETACHED,2022-06-16 07:13:18+00
3786044,DETACHED,2019-04-25 14:49:57+00
3789472,DETACHED,2019-05-20 06:42:49+00
3320536,WRITTEN_OFF,2020-06-30 19:30:46+00
11015184,DETACHED,2021-06-18 06:26:51+00
14452260,WRITTEN_OFF,2024-02-29 14:41:34+00
5761260,WRITTEN_OFF,2023-11-30 15:08:07+00
4237948,WRITTEN_OFF,2019-12-31 12:07:33+00
4238928,DETACHED,2019-06-18 06:38:11+00
6697608,DETACHED,2021-12-13 09:11:48+00
8238668,WRITTEN_OFF,2024-06-30 07:35:37+00
5698200,DETACHED,2019-12-26 06:10:58+00
13994908,DETACHED,2022-08-25 08:34:51+00
5806016,DETACHED,2020-03-03 06:05:18+00
4725116,DETACHED,2020-03-06 07:02:11+00
6708756,DETACHED,2020-03-23 06:11:50+00
12748764,DETACHED,2022-07-14 14:06:58+00
8944144,DETACHED,2020-11-09 07:22:37+00
4625824,DETACHED,2019-09-19 12:49:41+00
8621804,DETACHED,2021-03-05 13:27:44+00
4263320,DETACHED,2020-11-27 11:47:40+00
5889576,WRITTEN_OFF,2021-12-31 04:44:49+00
3531384,DETACHED,2019-09-06 07:05:36+00
5273632,DETACHED,2020-11-20 07:28:51+00
4398112,DETACHED,2020-04-02 07:04:38+00
4209704,DETACHED,2019-08-28 13:02:44+00
5431372,WRITTEN_OFF,2021-06-30 18:01:59+00
3381444,DETACHED,2019-08-14 08:54:45+00
8861228,WRITTEN_OFF,2023-04-30 12:39:59+00
3371656,DETACHED,2019-07-25 13:59:26+00
3371932,DETACHED,2019-08-28 11:14:17+00
4734888,DETACHED,2019-09-17 06:43:23+00
7242080,DETACHED,2020-07-31 15:15:02+00
10786024,WRITTEN_OFF,2022-12-05 14:33:39+00
5706184,DETACHED,2019-10-28 06:39:11+00
6108424,DETACHED,2020-02-21 11:10:54+00
3262548,WRITTEN_OFF,2022-12-05 14:33:39+00
11960068,WRITTEN_OFF,2024-07-31 15:28:38+00
15620108,DETACHED,2021-11-05 08:23:34+00
11052644,WRITTEN_OFF,2023-10-31 14:55:59+00
4797920,WRITTEN_OFF,2021-11-30 05:58:22+00
8326488,DETACHED,2020-07-06 12:42:45+00
15011540,DETACHED,2022-04-04 14:31:25+00
6096740,WRITTEN_OFF,2022-10-31 02:45:25+00
13298524,DETACHED,2022-05-30 14:45:23+00
7257164,WRITTEN_OFF,2024-07-30 21:00:00+00
4290800,DETACHED,2019-09-06 07:19:40+00
5949852,DETACHED,2020-10-02 12:11:23+00
14967480,WRITTEN_OFF,2022-12-05 14:33:39+00
7603648,WRITTEN_OFF,2021-06-30 18:01:59+00
15476164,WRITTEN_OFF,2024-03-31 09:43:02+00
8141660,DETACHED,2021-10-19 07:29:23+00
4520916,DETACHED,2019-07-07 12:40:16+00
3067284,WRITTEN_OFF,2022-02-28 06:00:06+00
12415788,DETACHED,2022-05-13 14:50:30+00
5648332,WRITTEN_OFF,2022-03-31 04:50:09+00
3205148,DETACHED,2019-07-16 08:36:34+00
7364176,DETACHED,2020-11-30 06:34:20+00
4844836,WRITTEN_OFF,2024-07-31 15:28:38+00
3388980,DETACHED,2019-02-28 17:27:47+00
4272260,WRITTEN_OFF,2021-01-31 03:25:05+00
3758324,DETACHED,2019-03-18 07:56:11+00
11208040,WRITTEN_OFF,2023-11-30 15:08:07+00
3320008,DETACHED,2019-11-08 05:56:11+00
3460704,WRITTEN_OFF,2021-05-31 11:22:12+00
5032888,WRITTEN_OFF,2022-07-31 04:40:59+00
4548712,DETACHED,2020-05-07 05:56:01+00
6349536,DETACHED,2020-05-29 06:32:54+00
8378240,DETACHED,2021-01-11 08:12:59+00
10000888,WRITTEN_OFF,2024-02-29 14:41:34+00
10731308,DETACHED,2022-02-28 20:08:09+00
11032404,DETACHED,2021-10-20 07:51:33+00
4140512,DETACHED,2020-04-24 08:31:03+00
4140616,DETACHED,2020-05-19 09:35:55+00
12384852,DETACHED,2021-11-02 15:22:23+00
8490636,WRITTEN_OFF,2022-12-05 14:33:39+00
4353808,DETACHED,2019-10-02 07:10:45+00
8044868,WRITTEN_OFF,2021-11-30 05:58:22+00
9168832,WRITTEN_OFF,2022-01-31 13:52:21+00
12454620,WRITTEN_OFF,2024-07-30 21:00:00+00
3670492,WRITTEN_OFF,2021-08-31 07:57:35+00
4995244,DETACHED,2021-09-10 08:24:00+00
5388560,DETACHED,2021-11-19 13:16:43+00
4883760,WRITTEN_OFF,2022-12-31 04:58:43+00
8109596,DETACHED,2022-06-29 12:30:54+00
4413664,DETACHED,2019-05-15 11:52:48+00
6798504,DETACHED,2020-03-06 06:58:14+00
6799416,DETACHED,2020-07-27 11:30:10+00
7948792,WRITTEN_OFF,2023-12-31 02:52:57+00
9268896,WRITTEN_OFF,2022-12-05 14:33:39+00
14107952,WRITTEN_OFF,2023-12-31 02:52:57+00
12773096,WRITTEN_OFF,2024-03-31 09:43:02+00
12823596,WRITTEN_OFF,2023-05-31 06:01:31+00
3827884,DETACHED,2019-03-01 07:40:00+00
6213616,WRITTEN_OFF,2022-04-30 06:58:47+00
3353736,WRITTEN_OFF,2019-12-31 12:07:33+00
3574352,WRITTEN_OFF,2023-11-30 15:08:07+00
6095088,DETACHED,2019-12-04 11:50:32+00
6377780,DETACHED,2021-04-30 11:04:20+00
3510900,DETACHED,2019-03-25 11:42:58+00
8600276,DETACHED,2021-04-14 08:26:27+00
8481244,WRITTEN_OFF,2021-11-30 05:58:22+00
4462792,DETACHED,2019-08-21 14:38:47+00
5772220,DETACHED,2019-10-14 14:05:07+00
12428860,WRITTEN_OFF,2022-02-28 06:00:06+00
14482672,DETACHED,2022-10-25 11:48:03+00
3590528,DETACHED,2019-06-30 03:55:16+00
6779788,DETACHED,2024-04-23 12:46:48+00
3412276,DETACHED,2019-10-07 12:11:49+00
10129280,DETACHED,2024-08-19 16:11:14+00
4959500,DETACHED,2019-10-31 13:31:53+00
4026976,WRITTEN_OFF,2022-01-31 13:52:21+00
4493816,DETACHED,2019-08-31 12:27:29+00
6812544,DETACHED,2020-09-02 07:59:44+00
15721076,WRITTEN_OFF,2024-03-31 09:43:02+00
14575604,DETACHED,2021-12-21 05:45:07+00
3422888,WRITTEN_OFF,2022-02-28 06:00:06+00
10077688,WRITTEN_OFF,2023-11-30 15:08:07+00
3111012,WRITTEN_OFF,2022-12-05 14:33:39+00
6513656,DETACHED,2020-01-30 10:51:52+00
8464940,DETACHED,2020-07-02 06:05:38+00
3163772,DETACHED,2020-08-18 07:44:23+00
10815988,DETACHED,2021-01-04 14:25:00+00
14425820,DETACHED,2021-12-17 14:27:21+00
6149184,DETACHED,2020-03-09 11:14:49+00
4353528,DETACHED,2020-10-30 12:49:40+00
3449016,DETACHED,2020-03-09 14:01:36+00
3132144,DETACHED,2020-01-17 14:24:00+00
12916972,DETACHED,2022-01-24 09:51:21+00
4220416,WRITTEN_OFF,2020-06-30 19:30:46+00
4975528,DETACHED,2019-09-30 14:11:31+00
6524120,DETACHED,2020-07-21 06:22:40+00
4526720,DETACHED,2020-08-06 13:28:27+00
8352980,DETACHED,2020-12-24 08:09:36+00
8829572,WRITTEN_OFF,2023-05-31 06:01:31+00
5462420,DETACHED,2019-10-09 07:51:18+00
3335488,WRITTEN_OFF,2020-12-31 03:28:02+00
10995744,WRITTEN_OFF,2024-07-30 21:00:00+00
7492880,DETACHED,2021-11-09 12:16:34+00
4874200,DETACHED,2020-02-10 10:50:28+00
10459892,DETACHED,2021-05-17 13:38:57+00
4282156,WRITTEN_OFF,2022-09-30 07:21:21+00
7011948,WRITTEN_OFF,2023-05-31 06:01:31+00
4913376,DETACHED,2019-10-29 06:17:30+00
10854132,WRITTEN_OFF,2023-01-31 05:53:27+00
15117740,WRITTEN_OFF,2022-09-30 07:21:21+00
5223152,DETACHED,2020-04-16 13:39:48+00
4510188,DETACHED,2023-06-22 12:39:22+00
4773344,WRITTEN_OFF,2020-06-30 19:30:46+00
5814580,WRITTEN_OFF,2024-01-31 07:34:39+00
15536292,WRITTEN_OFF,2022-07-31 04:40:59+00
5481252,DETACHED,2019-09-25 15:06:49+00
10871380,WRITTEN_OFF,2021-07-31 05:16:22+00
13520664,WRITTEN_OFF,2023-05-31 06:01:31+00
5452796,DETACHED,2020-11-18 12:18:50+00
3076524,WRITTEN_OFF,2021-11-30 05:58:22+00
8253680,DETACHED,2020-08-06 13:30:36+00
11977092,WRITTEN_OFF,2022-06-30 05:10:36+00
8439756,DETACHED,2021-12-16 05:43:32+00
4091892,DETACHED,2020-07-21 08:40:11+00
5539312,WRITTEN_OFF,2022-01-31 13:52:21+00
5540868,DETACHED,2021-04-01 07:39:45+00
13537816,DETACHED,2022-04-19 05:43:20+00
3886416,DETACHED,2019-11-22 08:49:22+00
7468184,WRITTEN_OFF,2022-08-31 05:27:51+00
2893976,DETACHED,2021-01-29 11:48:47+00
5200348,WRITTEN_OFF,2022-10-31 02:45:25+00
5281832,WRITTEN_OFF,2020-06-30 19:30:46+00
4043424,WRITTEN_OFF,2020-06-30 19:30:46+00
2983844,DETACHED,2019-08-22 05:58:56+00
6523364,WRITTEN_OFF,2021-06-30 18:01:59+00
3540360,DETACHED,2020-09-15 07:03:10+00
4244472,WRITTEN_OFF,2021-08-31 07:57:35+00
15395112,DETACHED,2022-11-17 08:54:55+00
8110644,WRITTEN_OFF,2023-05-31 06:01:31+00
13134636,WRITTEN_OFF,2023-06-30 10:54:02+00
6666472,WRITTEN_OFF,2024-06-30 07:35:37+00
4362600,DETACHED,2020-08-05 16:49:20+00
4905180,DETACHED,2022-01-06 16:33:56+00
4874256,DETACHED,2020-12-16 08:26:33+00
4674132,DETACHED,2019-06-07 12:22:49+00
13324060,DETACHED,2021-06-28 13:48:03+00
2882512,DETACHED,2018-11-30 08:20:15+00
7223896,WRITTEN_OFF,2024-03-31 09:43:02+00
15228880,DETACHED,2021-10-12 08:50:08+00
15229120,WRITTEN_OFF,2024-05-31 08:39:56+00
8600432,DETACHED,2021-07-13 06:06:55+00
9329176,DETACHED,2021-03-16 11:53:56+00
7283512,DETACHED,2020-03-19 12:00:14+00
4163716,DETACHED,2019-09-13 07:49:14+00
5300720,DETACHED,2020-04-04 17:48:15+00
13088440,DETACHED,2022-08-16 14:00:49+00
7817752,WRITTEN_OFF,2021-01-31 03:25:05+00
8595760,DETACHED,2021-03-22 05:21:36+00
3468952,WRITTEN_OFF,2021-11-30 05:58:22+00
7199652,DETACHED,2020-03-16 13:49:54+00
13549176,WRITTEN_OFF,2024-07-30 21:00:00+00
9650904,WRITTEN_OFF,2024-04-30 15:29:02+00
9044548,WRITTEN_OFF,2022-12-05 14:33:39+00
13908464,WRITTEN_OFF,2024-07-30 21:00:00+00
13910048,WRITTEN_OFF,2023-01-31 05:53:27+00
11734140,WRITTEN_OFF,2021-09-30 14:34:09+00
4025400,WRITTEN_OFF,2019-12-31 12:07:33+00
4091772,DETACHED,2019-04-09 05:51:00+00
6698820,DETACHED,2020-04-02 07:02:36+00
3061380,DETACHED,2020-02-28 08:27:12+00
2874112,DETACHED,2020-09-30 07:09:31+00
2874476,WRITTEN_OFF,2021-06-30 18:01:59+00
3032288,WRITTEN_OFF,2020-06-30 19:30:46+00